codigo_ibge,grupo_dcnt,internacoes,obitos_hospitalares
4200101,Cardiovascular,266.0,7.0
4200200,Cardiovascular,47.0,4.0
4200408,Cardiovascular,136.0,6.0
4200705,Cardiovascular,89.0,3.0
4200903,Cardiovascular,487.0,31.0
4201000,Cardiovascular,248.0,21.0
4201109,Cardiovascular,226.0,2.0
4201273,Cardiovascular,93.0,3.0
4201406,Cardiovascular,2456.0,225.0
4201505,Cardiovascular,374.0,16.0
4201604,Cardiovascular,106.0,1.0
4202008,Cardiovascular,3068.0,413.0
4202305,Cardiovascular,973.0,32.0
4202404,Cardiovascular,17978.0,1144.0
4202602,Cardiovascular,328.0,6.0
4202800,Cardiovascular,571.0,43.0
4202909,Cardiovascular,4262.0,357.0
4203006,Cardiovascular,3012.0,302.0
4203105,Cardiovascular,52.0,13.0
4203204,Cardiovascular,349.0,0.0
4203303,Cardiovascular,225.0,9.0
4203402,Cardiovascular,187.0,5.0
4203501,Cardiovascular,311.0,21.0
4203600,Cardiovascular,955.0,75.0
4203709,Cardiovascular,38.0,2.0
4203808,Cardiovascular,1199.0,126.0
4203907,Cardiovascular,347.0,23.0
4204103,Cardiovascular,91.0,1.0
4204202,Cardiovascular,4883.0,635.0
4204301,Cardiovascular,2976.0,263.0
4204400,Cardiovascular,96.0,14.0
4204558,Cardiovascular,125.0,1.0
4204608,Cardiovascular,12960.0,1359.0
4204707,Cardiovascular,137.0,8.0
4204806,Cardiovascular,2373.0,225.0
4204905,Cardiovascular,269.0,17.0
4205001,Cardiovascular,399.0,35.0
4205308,Cardiovascular,282.0,7.0
4205407,Cardiovascular,14774.0,1241.0
4205506,Cardiovascular,599.0,22.0
4205902,Cardiovascular,1596.0,100.0
4206405,Cardiovascular,473.0,30.0
4206504,Cardiovascular,220.0,15.0
4206603,Cardiovascular,225.0,5.0
4206900,Cardiovascular,1169.0,112.0
4207007,Cardiovascular,1255.0,145.0
4207205,Cardiovascular,449.0,2.0
4207304,Cardiovascular,1356.0,120.0
4207502,Cardiovascular,875.0,96.0
4207601,Cardiovascular,42.0,4.0
4207650,Cardiovascular,266.0,18.0
4207700,Cardiovascular,60.0,2.0
4207809,Cardiovascular,112.0,2.0
4207908,Cardiovascular,645.0,19.0
4208005,Cardiovascular,343.0,6.0
4208104,Cardiovascular,145.0,10.0
4208203,Cardiovascular,15500.0,1419.0
4208302,Cardiovascular,473.0,11.0
4208401,Cardiovascular,240.0,22.0
4208500,Cardiovascular,1023.0,109.0
4208708,Cardiovascular,296.0,20.0
4208807,Cardiovascular,432.0,31.0
4208906,Cardiovascular,4310.0,459.0
4209003,Cardiovascular,2678.0,222.0
4209102,Cardiovascular,27720.0,2073.0
4209300,Cardiovascular,10609.0,980.0
4209409,Cardiovascular,902.0,73.0
4209607,Cardiovascular,116.0,12.0
4209706,Cardiovascular,80.0,1.0
4209854,Cardiovascular,172.0,29.0
4210001,Cardiovascular,74.0,2.0
4210035,Cardiovascular,727.0,75.0
4210100,Cardiovascular,8498.0,575.0
4210308,Cardiovascular,556.0,26.0
4210506,Cardiovascular,1360.0,150.0
4210605,Cardiovascular,229.0,9.0
4210803,Cardiovascular,691.0,25.0
4210902,Cardiovascular,256.0,19.0
4211009,Cardiovascular,105.0,13.0
4211108,Cardiovascular,51.0,1.0
4211207,Cardiovascular,2133.0,87.0
4211306,Cardiovascular,180.0,18.0
4211405,Cardiovascular,298.0,3.0
4211504,Cardiovascular,145.0,19.0
4211603,Cardiovascular,240.0,7.0
4211702,Cardiovascular,650.0,73.0
4211751,Cardiovascular,541.0,19.0
4212007,Cardiovascular,427.0,14.0
4212106,Cardiovascular,335.0,14.0
4212205,Cardiovascular,354.0,24.0
4212502,Cardiovascular,204.0,0.0
4212601,Cardiovascular,358.0,2.0
4212700,Cardiovascular,18.0,0.0
4212908,Cardiovascular,591.0,10.0
4213203,Cardiovascular,1292.0,62.0
4213302,Cardiovascular,2.0,0.0
4213401,Cardiovascular,589.0,10.0
4213609,Cardiovascular,1178.0,135.0
4213708,Cardiovascular,240.0,23.0
4213807,Cardiovascular,1609.0,24.0
4214003,Cardiovascular,309.0,23.0
4214201,Cardiovascular,448.0,21.0
4214508,Cardiovascular,191.0,22.0
4214706,Cardiovascular,308.0,15.0
4214805,Cardiovascular,6564.0,415.0
4214904,Cardiovascular,301.0,17.0
4215000,Cardiovascular,767.0,133.0
4215307,Cardiovascular,80.0,8.0
4215406,Cardiovascular,100.0,3.0
4215505,Cardiovascular,164.0,21.0
4215703,Cardiovascular,608.0,23.0
4215802,Cardiovascular,1798.0,133.0
4215901,Cardiovascular,229.0,9.0
4216008,Cardiovascular,890.0,32.0
4216206,Cardiovascular,126.0,12.0
4216255,Cardiovascular,102.0,13.0
4216305,Cardiovascular,197.0,18.0
4216503,Cardiovascular,816.0,49.0
4216602,Cardiovascular,20490.0,1516.0
4216701,Cardiovascular,138.0,9.0
4216909,Cardiovascular,950.0,30.0
4217105,Cardiovascular,135.0,12.0
4217204,Cardiovascular,2706.0,336.0
4217253,Cardiovascular,158.0,19.0
4217303,Cardiovascular,130.0,8.0
4217501,Cardiovascular,302.0,19.0
4217709,Cardiovascular,908.0,38.0
4217808,Cardiovascular,676.0,28.0
4217907,Cardiovascular,22.0,0.0
4218004,Cardiovascular,163.0,18.0
4218103,Cardiovascular,1132.0,3.0
4218202,Cardiovascular,1371.0,103.0
4218301,Cardiovascular,467.0,35.0
4218400,Cardiovascular,1600.0,23.0
4218608,Cardiovascular,105.0,17.0
4218707,Cardiovascular,11347.0,895.0
4218756,Cardiovascular,194.0,13.0
4218806,Cardiovascular,274.0,9.0
4218905,Cardiovascular,112.0,12.0
4219002,Cardiovascular,255.0,31.0
4219101,Cardiovascular,432.0,2.0
4219200,Cardiovascular,44.0,4.0
4219309,Cardiovascular,1584.0,144.0
4219358,Cardiovascular,32.0,1.0
4219408,Cardiovascular,10.0,1.0
4219507,Cardiovascular,11790.0,785.0
4219606,Cardiovascular,89.0,4.0
4219705,Cardiovascular,431.0,31.0
4200101,Câncer,55.0,13.0
4200200,Câncer,5.0,2.0
4200408,Câncer,8.0,1.0
4200705,Câncer,12.0,3.0
4201000,Câncer,56.0,8.0
4201273,Câncer,5.0,1.0
4201406,Câncer,220.0,70.0
4201505,Câncer,26.0,8.0
4201604,Câncer,42.0,1.0
4202008,Câncer,144.0,45.0
4202305,Câncer,2.0,1.0
4202404,Câncer,14459.0,746.0
4202602,Câncer,68.0,11.0
4202800,Câncer,149.0,30.0
4202909,Câncer,722.0,123.0
4203006,Câncer,246.0,41.0
4203105,Câncer,34.0,5.0
4203204,Câncer,7.0,0.0
4203303,Câncer,22.0,7.0
4203402,Câncer,40.0,6.0
4203501,Câncer,43.0,8.0
4203600,Câncer,104.0,36.0
4203709,Câncer,9.0,5.0
4203808,Câncer,194.0,77.0
4203907,Câncer,113.0,34.0
4204103,Câncer,10.0,2.0
4204202,Câncer,19132.0,408.0
4204301,Câncer,275.0,56.0
4204400,Câncer,69.0,15.0
4204558,Câncer,14.0,1.0
4204608,Câncer,6979.0,768.0
4204707,Câncer,55.0,17.0
4204806,Câncer,111.0,32.0
4204905,Câncer,5.0,0.0
4205001,Câncer,110.0,41.0
4205308,Câncer,20.0,3.0
4205407,Câncer,16438.0,2599.0
4205506,Câncer,66.0,14.0
4205902,Câncer,177.0,20.0
4206405,Câncer,132.0,43.0
4206504,Câncer,4.0,2.0
4206603,Câncer,78.0,11.0
4206900,Câncer,361.0,45.0
4207007,Câncer,121.0,43.0
4207304,Câncer,277.0,93.0
4207502,Câncer,88.0,25.0
4207601,Câncer,36.0,16.0
4207650,Câncer,19.0,7.0
4207700,Câncer,11.0,4.0
4207809,Câncer,1.0,0.0
4207908,Câncer,5.0,1.0
4208005,Câncer,76.0,19.0
4208203,Câncer,8832.0,777.0
4208302,Câncer,24.0,5.0
4208401,Câncer,33.0,18.0
4208500,Câncer,98.0,36.0
4208708,Câncer,71.0,22.0
4208807,Câncer,53.0,16.0
4208906,Câncer,5145.0,534.0
4209003,Câncer,11703.0,380.0
4209102,Câncer,10721.0,1058.0
4209300,Câncer,6210.0,743.0
4209409,Câncer,130.0,48.0
4209607,Câncer,10.0,4.0
4209706,Câncer,26.0,4.0
4209854,Câncer,33.0,21.0
4210001,Câncer,37.0,16.0
4210035,Câncer,104.0,41.0
4210100,Câncer,360.0,34.0
4210308,Câncer,14.0,3.0
4210506,Câncer,65.0,19.0
4210605,Câncer,14.0,4.0
4210803,Câncer,41.0,10.0
4210902,Câncer,3.0,1.0
4211009,Câncer,37.0,11.0
4211108,Câncer,1.0,0.0
4211207,Câncer,35.0,3.0
4211306,Câncer,13.0,4.0
4211405,Câncer,2.0,0.0
4211504,Câncer,45.0,22.0
4211603,Câncer,29.0,2.0
4211702,Câncer,111.0,26.0
4211751,Câncer,82.0,14.0
4212007,Câncer,70.0,12.0
4212106,Câncer,169.0,25.0
4212205,Câncer,44.0,15.0
4212502,Câncer,8.0,0.0
4212601,Câncer,8.0,3.0
4212700,Câncer,8.0,4.0
4212908,Câncer,76.0,26.0
4213203,Câncer,111.0,29.0
4213302,Câncer,1.0,0.0
4213401,Câncer,8.0,1.0
4213609,Câncer,3664.0,358.0
4213708,Câncer,72.0,19.0
4213807,Câncer,87.0,24.0
4214003,Câncer,71.0,22.0
4214201,Câncer,154.0,24.0
4214508,Câncer,74.0,22.0
4214706,Câncer,45.0,14.0
4214805,Câncer,3013.0,313.0
4214904,Câncer,54.0,12.0
4215000,Câncer,137.0,56.0
4215307,Câncer,46.0,19.0
4215406,Câncer,54.0,6.0
4215505,Câncer,15.0,0.0
4215703,Câncer,43.0,1.0
4215802,Câncer,3785.0,191.0
4215901,Câncer,1.0,0.0
4216206,Câncer,30.0,11.0
4216255,Câncer,49.0,14.0
4216305,Câncer,62.0,32.0
4216503,Câncer,127.0,35.0
4216602,Câncer,2810.0,211.0
4216701,Câncer,102.0,24.0
4216909,Câncer,165.0,46.0
4217105,Câncer,3.0,0.0
4217204,Câncer,1630.0,239.0
4217253,Câncer,182.0,6.0
4217303,Câncer,52.0,16.0
4217501,Câncer,122.0,36.0
4217709,Câncer,104.0,41.0
4217808,Câncer,112.0,29.0
4217907,Câncer,1.0,0.0
4218004,Câncer,23.0,6.0
4218103,Câncer,20.0,0.0
4218202,Câncer,251.0,41.0
4218301,Câncer,134.0,37.0
4218400,Câncer,2.0,0.0
4218608,Câncer,53.0,27.0
4218707,Câncer,6519.0,479.0
4218756,Câncer,90.0,24.0
4218806,Câncer,1.0,0.0
4218905,Câncer,38.0,16.0
4219002,Câncer,74.0,41.0
4219101,Câncer,40.0,9.0
4219200,Câncer,17.0,11.0
4219309,Câncer,262.0,68.0
4219358,Câncer,11.0,3.0
4219408,Câncer,2.0,2.0
4219507,Câncer,103.0,45.0
4219606,Câncer,22.0,6.0
4219705,Câncer,17.0,3.0
4200101,Diabetes,81.0,4.0
4200200,Diabetes,6.0,0.0
4200408,Diabetes,87.0,0.0
4200705,Diabetes,21.0,0.0
4200903,Diabetes,79.0,5.0
4201000,Diabetes,32.0,0.0
4201109,Diabetes,63.0,0.0
4201273,Diabetes,8.0,1.0
4201406,Diabetes,457.0,8.0
4201505,Diabetes,173.0,4.0
4201604,Diabetes,45.0,0.0
4202008,Diabetes,506.0,21.0
4202305,Diabetes,31.0,5.0
4202404,Diabetes,1076.0,22.0
4202602,Diabetes,90.0,0.0
4202800,Diabetes,87.0,4.0
4202909,Diabetes,402.0,31.0
4203006,Diabetes,201.0,13.0
4203105,Diabetes,12.0,1.0
4203303,Diabetes,20.0,0.0
4203402,Diabetes,125.0,2.0
4203501,Diabetes,120.0,2.0
4203600,Diabetes,143.0,8.0
4203709,Diabetes,13.0,0.0
4203808,Diabetes,169.0,3.0
4203907,Diabetes,57.0,2.0
4204103,Diabetes,11.0,0.0
4204202,Diabetes,537.0,30.0
4204301,Diabetes,296.0,11.0
4204400,Diabetes,58.0,2.0
4204558,Diabetes,41.0,2.0
4204608,Diabetes,789.0,35.0
4204707,Diabetes,54.0,1.0
4204806,Diabetes,393.0,16.0
4204905,Diabetes,75.0,1.0
4205001,Diabetes,115.0,4.0
4205308,Diabetes,42.0,0.0
4205407,Diabetes,1487.0,39.0
4205506,Diabetes,88.0,2.0
4205902,Diabetes,157.0,4.0
4206405,Diabetes,75.0,3.0
4206504,Diabetes,57.0,0.0
4206603,Diabetes,98.0,0.0
4206900,Diabetes,137.0,11.0
4207007,Diabetes,157.0,6.0
4207205,Diabetes,54.0,1.0
4207304,Diabetes,207.0,6.0
4207502,Diabetes,116.0,3.0
4207601,Diabetes,13.0,0.0
4207650,Diabetes,65.0,2.0
4207700,Diabetes,16.0,1.0
4207809,Diabetes,27.0,0.0
4207908,Diabetes,42.0,1.0
4208005,Diabetes,39.0,2.0
4208104,Diabetes,42.0,0.0
4208203,Diabetes,590.0,33.0
4208302,Diabetes,17.0,0.0
4208401,Diabetes,47.0,3.0
4208500,Diabetes,56.0,1.0
4208708,Diabetes,211.0,5.0
4208807,Diabetes,104.0,5.0
4208906,Diabetes,641.0,18.0
4209003,Diabetes,169.0,9.0
4209102,Diabetes,1302.0,39.0
4209300,Diabetes,789.0,28.0
4209409,Diabetes,153.0,7.0
4209607,Diabetes,28.0,3.0
4209706,Diabetes,42.0,1.0
4209854,Diabetes,34.0,4.0
4210001,Diabetes,16.0,0.0
4210035,Diabetes,159.0,12.0
4210100,Diabetes,164.0,9.0
4210308,Diabetes,44.0,3.0
4210506,Diabetes,115.0,9.0
4210605,Diabetes,15.0,0.0
4210803,Diabetes,92.0,1.0
4210902,Diabetes,35.0,1.0
4211009,Diabetes,27.0,0.0
4211108,Diabetes,9.0,0.0
4211207,Diabetes,124.0,8.0
4211306,Diabetes,41.0,2.0
4211405,Diabetes,11.0,0.0
4211504,Diabetes,17.0,1.0
4211603,Diabetes,42.0,3.0
4211702,Diabetes,95.0,5.0
4211751,Diabetes,172.0,3.0
4212007,Diabetes,117.0,1.0
4212106,Diabetes,204.0,6.0
4212205,Diabetes,188.0,9.0
4212601,Diabetes,9.0,0.0
4212700,Diabetes,11.0,0.0
4212908,Diabetes,36.0,5.0
4213203,Diabetes,94.0,5.0
4213302,Diabetes,2.0,0.0
4213401,Diabetes,82.0,0.0
4213609,Diabetes,116.0,3.0
4213708,Diabetes,43.0,2.0
4213807,Diabetes,88.0,3.0
4214003,Diabetes,39.0,3.0
4214201,Diabetes,88.0,3.0
4214508,Diabetes,72.0,2.0
4214706,Diabetes,27.0,1.0
4214805,Diabetes,224.0,12.0
4214904,Diabetes,43.0,1.0
4215000,Diabetes,154.0,17.0
4215307,Diabetes,32.0,0.0
4215406,Diabetes,28.0,0.0
4215505,Diabetes,30.0,0.0
4215703,Diabetes,35.0,0.0
4215802,Diabetes,150.0,8.0
4215901,Diabetes,44.0,1.0
4216008,Diabetes,186.0,12.0
4216206,Diabetes,13.0,1.0
4216255,Diabetes,13.0,0.0
4216305,Diabetes,50.0,1.0
4216503,Diabetes,170.0,4.0
4216602,Diabetes,600.0,39.0
4216701,Diabetes,61.0,2.0
4216909,Diabetes,91.0,0.0
4217105,Diabetes,14.0,1.0
4217204,Diabetes,251.0,18.0
4217253,Diabetes,75.0,8.0
4217303,Diabetes,8.0,1.0
4217501,Diabetes,53.0,2.0
4217709,Diabetes,67.0,5.0
4217808,Diabetes,71.0,1.0
4217907,Diabetes,8.0,0.0
4218004,Diabetes,43.0,2.0
4218103,Diabetes,95.0,1.0
4218202,Diabetes,115.0,4.0
4218301,Diabetes,88.0,0.0
4218400,Diabetes,67.0,1.0
4218608,Diabetes,20.0,2.0
4218707,Diabetes,618.0,42.0
4218756,Diabetes,41.0,1.0
4218806,Diabetes,55.0,1.0
4218905,Diabetes,27.0,1.0
4219002,Diabetes,72.0,12.0
4219101,Diabetes,15.0,1.0
4219200,Diabetes,5.0,0.0
4219309,Diabetes,191.0,14.0
4219358,Diabetes,35.0,0.0
4219408,Diabetes,4.0,0.0
4219507,Diabetes,255.0,28.0
4219606,Diabetes,44.0,1.0
4219705,Diabetes,93.0,1.0
4200101,Respiratória crônica,331.0,11.0
4200200,Respiratória crônica,1.0,0.0
4200408,Respiratória crônica,260.0,1.0
4200705,Respiratória crônica,76.0,2.0
4200903,Respiratória crônica,27.0,1.0
4201000,Respiratória crônica,487.0,2.0
4201109,Respiratória crônica,118.0,0.0
4201273,Respiratória crônica,6.0,2.0
4201406,Respiratória crônica,511.0,48.0
4201505,Respiratória crônica,126.0,2.0
4201604,Respiratória crônica,80.0,1.0
4202008,Respiratória crônica,447.0,41.0
4202305,Respiratória crônica,43.0,7.0
4202404,Respiratória crônica,1481.0,85.0
4202602,Respiratória crônica,294.0,6.0
4202800,Respiratória crônica,289.0,7.0
4202909,Respiratória crônica,745.0,52.0
4203006,Respiratória crônica,106.0,18.0
4203105,Respiratória crônica,151.0,7.0
4203204,Respiratória crônica,1.0,0.0
4203303,Respiratória crônica,42.0,5.0
4203402,Respiratória crônica,193.0,6.0
4203501,Respiratória crônica,315.0,9.0
4203600,Respiratória crônica,258.0,19.0
4203709,Respiratória crônica,17.0,0.0
4203808,Respiratória crônica,389.0,57.0
4203907,Respiratória crônica,233.0,15.0
4204103,Respiratória crônica,99.0,4.0
4204202,Respiratória crônica,493.0,41.0
4204301,Respiratória crônica,258.0,19.0
4204400,Respiratória crônica,89.0,5.0
4204558,Respiratória crônica,61.0,0.0
4204608,Respiratória crônica,1335.0,55.0
4204707,Respiratória crônica,113.0,6.0
4204806,Respiratória crônica,815.0,76.0
4204905,Respiratória crônica,51.0,0.0
4205001,Respiratória crônica,230.0,26.0
4205308,Respiratória crônica,83.0,2.0
4205407,Respiratória crônica,3236.0,138.0
4205506,Respiratória crônica,241.0,12.0
4205902,Respiratória crônica,148.0,18.0
4206405,Respiratória crônica,273.0,15.0
4206504,Respiratória crônica,136.0,10.0
4206603,Respiratória crônica,176.0,6.0
4206900,Respiratória crônica,133.0,13.0
4207007,Respiratória crônica,430.0,35.0
4207205,Respiratória crônica,37.0,2.0
4207304,Respiratória crônica,218.0,11.0
4207403,Respiratória crônica,2.0,0.0
4207502,Respiratória crônica,68.0,4.0
4207601,Respiratória crônica,52.0,3.0
4207650,Respiratória crônica,133.0,5.0
4207700,Respiratória crônica,54.0,0.0
4207809,Respiratória crônica,24.0,0.0
4207908,Respiratória crônica,159.0,6.0
4208005,Respiratória crônica,77.0,5.0
4208104,Respiratória crônica,108.0,6.0
4208203,Respiratória crônica,747.0,108.0
4208302,Respiratória crônica,36.0,2.0
4208401,Respiratória crônica,199.0,12.0
4208500,Respiratória crônica,180.0,23.0
4208708,Respiratória crônica,110.0,3.0
4208807,Respiratória crônica,237.0,11.0
4208906,Respiratória crônica,818.0,73.0
4209003,Respiratória crônica,334.0,35.0
4209102,Respiratória crônica,2211.0,107.0
4209300,Respiratória crônica,1369.0,90.0
4209409,Respiratória crônica,187.0,14.0
4209607,Respiratória crônica,87.0,6.0
4209706,Respiratória crônica,195.0,4.0
4209854,Respiratória crônica,44.0,10.0
4210001,Respiratória crônica,43.0,2.0
4210035,Respiratória crônica,211.0,21.0
4210100,Respiratória crônica,110.0,10.0
4210308,Respiratória crônica,212.0,2.0
4210506,Respiratória crônica,205.0,27.0
4210605,Respiratória crônica,15.0,0.0
4210803,Respiratória crônica,142.0,1.0
4210902,Respiratória crônica,184.0,9.0
4211009,Respiratória crônica,182.0,7.0
4211108,Respiratória crônica,19.0,1.0
4211207,Respiratória crônica,2205.0,46.0
4211306,Respiratória crônica,24.0,0.0
4211405,Respiratória crônica,58.0,10.0
4211504,Respiratória crônica,34.0,8.0
4211603,Respiratória crônica,114.0,8.0
4211702,Respiratória crônica,274.0,13.0
4211751,Respiratória crônica,288.0,16.0
4212007,Respiratória crônica,656.0,8.0
4212106,Respiratória crônica,777.0,50.0
4212205,Respiratória crônica,174.0,14.0
4212601,Respiratória crônica,10.0,0.0
4212700,Respiratória crônica,37.0,0.0
4212908,Respiratória crônica,68.0,3.0
4213203,Respiratória crônica,95.0,4.0
4213302,Respiratória crônica,2.0,0.0
4213401,Respiratória crônica,677.0,5.0
4213609,Respiratória crônica,264.0,17.0
4213708,Respiratória crônica,174.0,17.0
4213807,Respiratória crônica,235.0,13.0
4214003,Respiratória crônica,110.0,17.0
4214201,Respiratória crônica,303.0,13.0
4214508,Respiratória crônica,153.0,15.0
4214706,Respiratória crônica,47.0,6.0
4214805,Respiratória crônica,401.0,37.0
4214904,Respiratória crônica,104.0,6.0
4215000,Respiratória crônica,297.0,52.0
4215307,Respiratória crônica,83.0,2.0
4215406,Respiratória crônica,92.0,3.0
4215505,Respiratória crônica,157.0,9.0
4215703,Respiratória crônica,53.0,5.0
4215802,Respiratória crônica,334.0,31.0
4215901,Respiratória crônica,93.0,10.0
4216008,Respiratória crônica,275.0,17.0
4216206,Respiratória crônica,126.0,10.0
4216255,Respiratória crônica,44.0,2.0
4216305,Respiratória crônica,70.0,13.0
4216503,Respiratória crônica,337.0,10.0
4216602,Respiratória crônica,618.0,114.0
4216701,Respiratória crônica,182.0,8.0
4216909,Respiratória crônica,261.0,7.0
4217105,Respiratória crônica,61.0,1.0
4217204,Respiratória crônica,790.0,111.0
4217253,Respiratória crônica,54.0,1.0
4217303,Respiratória crônica,182.0,10.0
4217501,Respiratória crônica,103.0,8.0
4217709,Respiratória crônica,119.0,13.0
4217808,Respiratória crônica,146.0,7.0
4217907,Respiratória crônica,3.0,1.0
4218004,Respiratória crônica,26.0,1.0
4218103,Respiratória crônica,108.0,4.0
4218202,Respiratória crônica,187.0,17.0
4218301,Respiratória crônica,25.0,4.0
4218400,Respiratória crônica,453.0,0.0
4218608,Respiratória crônica,83.0,7.0
4218707,Respiratória crônica,657.0,53.0
4218756,Respiratória crônica,151.0,5.0
4218806,Respiratória crônica,128.0,4.0
4218905,Respiratória crônica,66.0,8.0
4219002,Respiratória crônica,136.0,17.0
4219101,Respiratória crônica,77.0,0.0
4219200,Respiratória crônica,12.0,1.0
4219309,Respiratória crônica,332.0,28.0
4219358,Respiratória crônica,73.0,3.0
4219408,Respiratória crônica,2.0,1.0
4219507,Respiratória crônica,187.0,30.0
4219606,Respiratória crônica,64.0,1.0
4219705,Respiratória crônica,239.0,23.0
